SMILES,D
[N-]=[N+]=Nc1c([N+](=O)[O-])c([N+](=O)[O-])c([N+](=O)[O-])c([N+](=O)[O-])c1[N+](=O)[O-],8.889
[N-]=[N+]=Nc1c([N+](=O)[O-])cc([N+](=O)[O-])cc1[N+](=O)[O-],7.743
[O-][n+]1onc2c1c1no[n+]([O-])c1c1no[n+]([O-])c21,9.06
C[C@@H](CC([N+](=O)[O-])([N+](=O)[O-])[N+](=O)[O-])[N+](=O)[O-],8.168
C[N+](=O)[O-],7.271
C=Cc1c([N+](=O)[O-])cc([N+](=O)[O-])cc1[N+](=O)[O-],6.691
CC(=O)c1c([N+](=O)[O-])cc([N+](=O)[O-])cc1[N+](=O)[O-],6.774
CC(=O)CCC([N+](=O)[O-])([N+](=O)[O-])[N+](=O)[O-],7.33
CC(=O)ON([C@@H](CC([N+](=O)[O-])([N+](=O)[O-])[N+](=O)[O-])C([N+](=O)[O-])([N+](=O)[O-])[N+](=O)[O-])[N+](=O)[O-],8.71
CC(C)(C)NC(=O)C([N+](=O)[O-])([N+](=O)[O-])[N+](=O)[O-],6.892
CC(C)(COC(=O)CCC([N+](=O)[O-])([N+](=O)[O-])[N+](=O)[O-])[N+](=O)[O-],6.92
CC(C)NC(=O)C([N+](=O)[O-])([N+](=O)[O-])[N+](=O)[O-],7.272
CC(CC(CC(C)([N+](=O)[O-])[N+](=O)[O-])([N+](=O)[O-])[N+](=O)[O-])([N+](=O)[O-])[N+](=O)[O-],7.95
CC(CC(CC(C)([N+](=O)[O-])[N+](=O)[O-])[N+](=O)[O-])([N+](=O)[O-])[N+](=O)[O-],7.443
CC(CCC(=O)OCC([N+](=O)[O-])([N+](=O)[O-])[N+](=O)[O-])([N+](=O)[O-])[N+](=O)[O-],7.744
CC(CCN(C(=O)C(=O)N(CCC(C)([N+](=O)[O-])[N+](=O)[O-])[N+](=O)[O-])[N+](=O)[O-])([N+](=O)[O-])[N+](=O)[O-],7.431
CC(CCN(C(=O)OCC([N+](=O)[O-])([N+](=O)[O-])[N+](=O)[O-])[N+](=O)[O-])([N+](=O)[O-])[N+](=O)[O-],8.127
CC(CCN(C(=O)OCC(C)([N+](=O)[O-])[N+](=O)[O-])[N+](=O)[O-])([N+](=O)[O-])[N+](=O)[O-],7.382
CC(CCN(C(=O)OCC(COC(=O)N(CCC(C)([N+](=O)[O-])[N+](=O)[O-])[N+](=O)[O-])([N+](=O)[O-])[N+](=O)[O-])[N+](=O)[O-])([N+](=O)[O-])[N+](=O)[O-],7.494
CC(CCN(CC([N+](=O)[O-])([N+](=O)[O-])[N+](=O)[O-])[N+](=O)[O-])([N+](=O)[O-])[N+](=O)[O-],8.294
CC(CCN(CC(CN(CCC(C)([N+](=O)[O-])[N+](=O)[O-])[N+](=O)[O-])([N+](=O)[O-])[N+](=O)[O-])[N+](=O)[O-])([N+](=O)[O-])[N+](=O)[O-],7.664
CC(CN(CC(=O)OCC([N+](=O)[O-])([N+](=O)[O-])[N+](=O)[O-])[N+](=O)[O-])([N+](=O)[O-])[N+](=O)[O-],8.127
CC(CN(CC(C)([N+](=O)[O-])[N+](=O)[O-])[N+](=O)[O-])([N+](=O)[O-])[N+](=O)[O-],7.825
CC(CN(CC(C)([N+](=O)[O-])[N+](=O)[O-])C(=O)CCC([N+](=O)[O-])([N+](=O)[O-])[N+](=O)[O-])([N+](=O)[O-])[N+](=O)[O-],7.632
CC(CN(CCC([N+](=O)[O-])([N+](=O)[O-])[N+](=O)[O-])[N+](=O)[O-])([N+](=O)[O-])[N+](=O)[O-],8.286
CC(CN(CCC(CCN(CC(C)([N+](=O)[O-])[N+](=O)[O-])[N+](=O)[O-])([N+](=O)[O-])[N+](=O)[O-])[N+](=O)[O-])([N+](=O)[O-])[N+](=O)[O-],7.638
CC(CN(CCN(CC(C)([N+](=O)[O-])[N+](=O)[O-])[N+](=O)[O-])[N+](=O)[O-])([N+](=O)[O-])[N+](=O)[O-],7.663
CC(CN(CCO[N+](=O)[O-])[N+](=O)[O-])([N+](=O)[O-])[N+](=O)[O-],7.904
CC(CN(CN(C(=O)OCC([N+](=O)[O-])([N+](=O)[O-])[N+](=O)[O-])[N+](=O)[O-])[N+](=O)[O-])([N+](=O)[O-])[N+](=O)[O-],8.434
CC(CNC(=O)CCC([N+](=O)[O-])([N+](=O)[O-])[N+](=O)[O-])([N+](=O)[O-])[N+](=O)[O-],7.653
CC(COC(=O)C(=O)OCC(C)([N+](=O)[O-])[N+](=O)[O-])([N+](=O)[O-])[N+](=O)[O-],7.109
CC(COC(=O)c1c([N+](=O)[O-])cc([N+](=O)[O-])cc1[N+](=O)[O-])([N+](=O)[O-])[N+](=O)[O-],7.315
CC(COC(=O)CCC([N+](=O)[O-])([N+](=O)[O-])[N+](=O)[O-])([N+](=O)[O-])[N+](=O)[O-],7.695
CC(COC(=O)N(CCC([N+](=O)[O-])([N+](=O)[O-])[N+](=O)[O-])[N+](=O)[O-])([N+](=O)[O-])[N+](=O)[O-],8.119
CC(COC(=O)OCC([N+](=O)[O-])([N+](=O)[O-])[N+](=O)[O-])([N+](=O)[O-])[N+](=O)[O-],8.065
CC(COC(=O)OCC(C)([N+](=O)[O-])[N+](=O)[O-])([N+](=O)[O-])[N+](=O)[O-],7.201
CC(NC(=O)NC(C)C([N+](=O)[O-])([N+](=O)[O-])[N+](=O)[O-])C([N+](=O)[O-])([N+](=O)[O-])[N+](=O)[O-],8.046
CC12N([N+](=O)[O-])C(=O)N([N+](=O)[O-])C1(C)N([N+](=O)[O-])C(=O)N2[N+](=O)[O-],8.31
Cc1c([N+]#N)c([O-])c([N+](=O)[O-])c([N+](=O)[O-])c1[N+](=O)[O-],7.527
Cc1c([N+](=O)[O-])c([N+](=O)[O-])c([N+](=O)[O-])c([N+](=O)[O-])c1[N+](=O)[O-],8.268
Cc1c([N+](=O)[O-])c([N+](=O)[O-])c(N)c([N+](=O)[O-])c1[N+](=O)[O-],7.736
Cc1c([N+](=O)[O-])c([N+](=O)[O-])cc([N+](=O)[O-])c1[N+](=O)[O-],7.66
Cc1c([N+](=O)[O-])c(C)c([N+](=O)[O-])c(C)c1[N+](=O)[O-],6.22
Cc1c([N+](=O)[O-])c(C)c([N+](=O)[O-])c(O)c1[N+](=O)[O-],6.747
Cc1c([N+](=O)[O-])c(N(C)[N+](=O)[O-])c([N+](=O)[O-])c([N+](=O)[O-])c1[N+](=O)[O-],7.875
Cc1c([N+](=O)[O-])c(N)c([N+](=O)[O-])c([N+](=O)[O-])c1[N+](=O)[O-],7.738
Cc1c([N+](=O)[O-])c(N)c([N+](=O)[O-])c(N)c1[N+](=O)[O-],7.047
Cc1c([N+](=O)[O-])cc([N+](=O)[O-])c([N+](=O)[O-])c1[N+](=O)[O-],7.667
Cc1c([N+](=O)[O-])cc([N+](=O)[O-])c(C)c1[N+](=O)[O-],6.524
Cc1c([N+](=O)[O-])cc([N+](=O)[O-])c(-c2c([N+](=O)[O-])cc([N+](=O)[O-])c(C)c2[N+](=O)[O-])c1[N+](=O)[O-],7.058
Cc1c([N+](=O)[O-])cc([N+](=O)[O-])c(-c2c([N+](=O)[O-])cc([N+](=O)[O-])cc2[N+](=O)[O-])c1[N+](=O)[O-],7.267
Cc1c([N+](=O)[O-])cc([N+](=O)[O-])c(N)c1[N+](=O)[O-],6.959
Cc1c([N+](=O)[O-])cc([N+](=O)[O-])c(O)c1[N+](=O)[O-],7.095
Cc1c([N+](=O)[O-])cc([N+](=O)[O-])cc1[N+](=O)[O-],6.874
Cc1c([N+](=O)[O-])ccc(-c2c([N+](=O)[O-])cc([N+](=O)[O-])cc2[N+](=O)[O-])c1[N+](=O)[O-],6.816
Cc1c(N(C)[N+](=O)[O-])c([N+](=O)[O-])c([N+](=O)[O-])c([N+](=O)[O-])c1[N+](=O)[O-],7.883
Cc1c(N)c([N+](=O)[O-])c([N+](=O)[O-])c([N+](=O)[O-])c1[N+](=O)[O-],7.755
Cc1cc([N+](=O)[O-])c([N+](=O)[O-])c([N+](=O)[O-])c1,6.927
Cc1cc([N+](=O)[O-])c([N+](=O)[O-])c([N+](=O)[O-])c1[N+](=O)[O-],7.682
Cc1ccc([N+](=O)[O-])c([N+](=O)[O-])c1[N+](=O)[O-],6.936
CCC([N+](=O)[O-])([N+](=O)[O-])C(CC)([N+](=O)[O-])[N+](=O)[O-],7.376
CCC(CCC(=O)OCC([N+](=O)[O-])([N+](=O)[O-])[N+](=O)[O-])([N+](=O)[O-])[N+](=O)[O-],7.424
CCC(CN(CC(CC)([N+](=O)[O-])[N+](=O)[O-])[N+](=O)[O-])([N+](=O)[O-])[N+](=O)[O-],7.275
CCC(CNC(=O)CCC([N+](=O)[O-])([N+](=O)[O-])[N+](=O)[O-])([N+](=O)[O-])[N+](=O)[O-],7.36
CCN(C(=O)OCC([N+](=O)[O-])([N+](=O)[O-])[N+](=O)[O-])[N+](=O)[O-],7.989
CCN(CC(=O)OCC([N+](=O)[O-])([N+](=O)[O-])[N+](=O)[O-])[N+](=O)[O-],7.678
CCOC(=O)C12N([N+](=O)[O-])C(=O)N([N+](=O)[O-])C1(C(=O)OCC)N([N+](=O)[O-])C(=O)N2[N+](=O)[O-],7.461
CCOC(=O)OCC([N+](=O)[O-])([N+](=O)[O-])[N+](=O)[O-],7.429
CCOc1c([N+](=O)[O-])cc([N+](=O)[O-])cc1[N+](=O)[O-],6.698
CN(C(=O)C(=O)N(C)[N+](=O)[O-])[N+](=O)[O-],7.32
CN(C(=O)OCC([N+](=O)[O-])([N+](=O)[O-])[N+](=O)[O-])[N+](=O)[O-],8.428
CN(C=O)[N+](=O)[O-],6.919
CN(c1c([N+](=O)[O-])cc([N+](=O)[O-])cc1[N+](=O)[O-])[N+](=O)[O-],7.649
CN(CC([N+](=O)[O-])([N+](=O)[O-])[N+](=O)[O-])[N+](=O)[O-],8.748
CN(CCN(C(=O)C(=O)N(CCN(C)[N+](=O)[O-])[N+](=O)[O-])[N+](=O)[O-])[N+](=O)[O-],7.226
CN(CCN(C(=O)OCC([N+](=O)[O-])([N+](=O)[O-])[N+](=O)[O-])[N+](=O)[O-])[N+](=O)[O-],8.084
CN(CCN(CC([N+](=O)[O-])([N+](=O)[O-])[N+](=O)[O-])[N+](=O)[O-])[N+](=O)[O-],8.284
CN(CCN[N+](=O)[O-])[N+](=O)[O-],7.258
Cn1c([N+](=O)[O-])nc([N+](=O)[O-])c1[N+](=O)[O-],8.224
Cn1c([N+](=O)[O-])nnc1[N+](=O)[O-],8.082
Cn1nc([N+](=O)[O-])c(-c2c([N+](=O)[O-])cc([N+](=O)[O-])cc2[N+](=O)[O-])c1[N+](=O)[O-],7.555
Cn1nc([N+](=O)[O-])c(Nc2c([N+](=O)[O-])cc([N+](=O)[O-])cc2[N+](=O)[O-])c1[N+](=O)[O-],7.563
Cn1nc([N+](=O)[O-])nc1[N+](=O)[O-],7.991
COC(=O)C12N([N+](=O)[O-])C(=O)N([N+](=O)[O-])C1(C(=O)OC)N([N+](=O)[O-])C(=O)N2[N+](=O)[O-],8.073
COC(=O)c1c([N+](=O)[O-])cc([N+](=O)[O-])cc1[N+](=O)[O-],6.833
COC(=O)OCC([N+](=O)[O-])([N+](=O)[O-])[N+](=O)[O-],7.881
COc1c([N+](=O)[O-])c(Cl)c([N+](=O)[O-])c(Cl)c1[N+](=O)[O-],7.253
COc1c([N+](=O)[O-])cc([N+](=O)[O-])c(OC)c1[N+](=O)[O-],6.908
COc1c([N+](=O)[O-])cc([N+](=O)[O-])cc1[N+](=O)[O-],7.076
COCCN(CC([N+](=O)[O-])([N+](=O)[O-])[N+](=O)[O-])[N+](=O)[O-],7.907
COCN(CN(CN(COC)[N+](=O)[O-])[N+](=O)[O-])[N+](=O)[O-],7.124
N#[N+]c1cc([N+](=O)[O-])c(Cl)c([N+](=O)[O-])c1[O-],7.244
N#[N+]c1cc([N+](=O)[O-])cc([N+](=O)[O-])c1[O-],7.123
N#Cc1c([N+](=O)[O-])cc([N+](=O)[O-])cc1[N+](=O)[O-],7.19
N#CCN(CC([N+](=O)[O-])([N+](=O)[O-])[N+](=O)[O-])[N+](=O)[O-],8.507
N/C(=N/[N+](=O)[O-])NCC([N+](=O)[O-])([N+](=O)[O-])[N+](=O)[O-],8.882
NC(=O)CCC([N+](=O)[O-])([N+](=O)[O-])[N+](=O)[O-],7.814
NC(=O)CN(CC([N+](=O)[O-])([N+](=O)[O-])[N+](=O)[O-])[N+](=O)[O-],8.437
NC(=O)OCC([N+](=O)[O-])([N+](=O)[O-])[N+](=O)[O-],8.418
Nc1c([N+](=O)[O-])c([N+](=O)[O-])c([N+](=O)[O-])c([N+](=O)[O-])c1[N+](=O)[O-],8.762
Nc1c([N+](=O)[O-])c([N+](=O)[O-])c([N+](=O)[O-])c2no[n+]([O-])c12,8.713
Nc1c([N+](=O)[O-])c([N+](=O)[O-])c(-c2c([N+](=O)[O-])c([N+](=O)[O-])c(N)c([N+](=O)[O-])c2[N+](=O)[O-])c([N+](=O)[O-])c1[N+](=O)[O-],8.401
Nc1c([N+](=O)[O-])c(N)c([N+](=O)[O-])c(N)c1[N+](=O)[O-],7.507
Nc1c([N+](=O)[O-])c(N)c([N+](=O)[O-])c(NCCO[N+](=O)[O-])c1[N+](=O)[O-],7.534
Nc1c([N+](=O)[O-])c(N)c([N+](=O)[O-])c(O)c1[N+](=O)[O-],7.672
Nc1c([N+](=O)[O-])c(N)c2c(no[n+]2[O-])c1[N+](=O)[O-],8.085
Nc1c([N+](=O)[O-])c2no[n+]([O-])c2c2no[n+]([O-])c12,8.624
Nc1c([N+](=O)[O-])cc([N+](=O)[O-])c([N+](=O)[O-])c1[N+](=O)[O-],8.15
Nc1c([N+](=O)[O-])cc([N+](=O)[O-])c(-c2c([N+](=O)[O-])cc([N+](=O)[O-])c(N)c2[N+](=O)[O-])c1[N+](=O)[O-],7.596
Nc1c([N+](=O)[O-])cc([N+](=O)[O-])c(N)c1[N+](=O)[O-],7.419
Nc1c([N+](=O)[O-])cc([N+](=O)[O-])c(-n2ccnn2)c1[N+](=O)[O-],7.274
Nc1c([N+](=O)[O-])cc([N+](=O)[O-])c(Nc2c([N+](=O)[O-])cc([N+](=O)[O-])c(N)c2[N+](=O)[O-])c1[N+](=O)[O-],7.592
Nc1c([N+](=O)[O-])cc([N+](=O)[O-])c(O)c1[N+](=O)[O-],7.608
Nc1c([N+](=O)[O-])cc([N+](=O)[O-])c2no[n+]([O-])c12,7.994
Nc1c([N+](=O)[O-])cc([N+](=O)[O-])cc1[N+](=O)[O-],7.353
Nc1n[nH]c(Nc2c([N+](=O)[O-])cc([N+](=O)[O-])cc2[N+](=O)[O-])n1,7.209
Nc1nonc1[N+](=O)[O-],8.699
Nc1nonc1Nc1c([N+](=O)[O-])cc([N+](=O)[O-])cc1[N+](=O)[O-],7.513
Nn1nc([N+](=O)[O-])cc1[N+](=O)[O-],8.423
O=[N+]([O-])C(C/C=C/CC([N+](=O)[O-])([N+](=O)[O-])[N+](=O)[O-])([N+](=O)[O-])[N+](=O)[O-],8.473
O=[N+]([O-])C(CC#CCC([N+](=O)[O-])([N+](=O)[O-])[N+](=O)[O-])([N+](=O)[O-])[N+](=O)[O-],8.66
O=[N+]([O-])C(CC([N+](=O)[O-])([N+](=O)[O-])[N+](=O)[O-])CC([N+](=O)[O-])([N+](=O)[O-])[N+](=O)[O-],8.723
O=[N+]([O-])C(CO)(CO)[N+](=O)[O-],7.74
O=[N+]([O-])C(COC(OCC([N+](=O)[O-])([N+](=O)[O-])[N+](=O)[O-])(OCC([N+](=O)[O-])([N+](=O)[O-])[N+](=O)[O-])OCC([N+](=O)[O-])([N+](=O)[O-])[N+](=O)[O-])([N+](=O)[O-])[N+](=O)[O-],8.339
O=[N+]([O-])C(COC(OCC([N+](=O)[O-])([N+](=O)[O-])[N+](=O)[O-])OCC([N+](=O)[O-])([N+](=O)[O-])[N+](=O)[O-])([N+](=O)[O-])[N+](=O)[O-],8.421
O=[N+]([O-])C(COCOCC([N+](=O)[O-])([N+](=O)[O-])[N+](=O)[O-])([N+](=O)[O-])[N+](=O)[O-],8.576
O=[N+]([O-])C(F)(COCOCC(F)([N+](=O)[O-])[N+](=O)[O-])[N+](=O)[O-],8.247
O=[N+]([O-])C1([N+](=O)[O-])CN(CC([N+](=O)[O-])([N+](=O)[O-])[N+](=O)[O-])CC([N+](=O)[O-])([N+](=O)[O-])C1,8.614
O=[N+]([O-])C1([N+](=O)[O-])CN(CCC([N+](=O)[O-])([N+](=O)[O-])[N+](=O)[O-])CC([N+](=O)[O-])([N+](=O)[O-])C1,8.317
O=[N+]([O-])C1([N+](=O)[O-])COC2(OC1)OCC([N+](=O)[O-])([N+](=O)[O-])CO2,7.871
O=[N+]([O-])C12CC3([N+](=O)[O-])CC([N+](=O)[O-])(C1)CC([N+](=O)[O-])(C2)C3,6.845
O=[N+]([O-])c1c([N+](=O)[O-])c([N+](=O)[O-])c([N+](=O)[O-])c([N+](=O)[O-])c1[N+](=O)[O-],9.172
O=[N+]([O-])c1c(O)c([N+](=O)[O-])c(O)c([N+](=O)[O-])c1O,8.028
O=[N+]([O-])c1c[nH]c([N+](=O)[O-])n1,8.043
O=[N+]([O-])c1cc([N+](=O)[O-])[n+]([O-])c([N+](=O)[O-])c1,8.348
O=[N+]([O-])c1cc([N+](=O)[O-])c(/C=C/c2c([N+](=O)[O-])cc([N+](=O)[O-])cc2[N+](=O)[O-])c([N+](=O)[O-])c1,7.11
O=[N+]([O-])c1cc([N+](=O)[O-])c(/C=N/O)c([N+](=O)[O-])c1,7.438
O=[N+]([O-])c1cc([N+](=O)[O-])c(/N=N/c2c([N+](=O)[O-])cc([N+](=O)[O-])cc2[N+](=O)[O-])c([N+](=O)[O-])c1,7.659
O=[N+]([O-])c1cc([N+](=O)[O-])c(/N=N/c2nc(/N=N/c3c([N+](=O)[O-])cc([N+](=O)[O-])cc3[N+](=O)[O-])c([N+](=O)[O-])cc2[N+](=O)[O-])c([N+](=O)[O-])c1,7.668
O=[N+]([O-])c1cc([N+](=O)[O-])c([N+](=O)[O-])c([N+](=O)[O-])c1[N+](=O)[O-],8.692
O=[N+]([O-])c1cc([N+](=O)[O-])c([N+](=O)[O-])cc1[N+](=O)[O-],8.097
O=[N+]([O-])c1cc([N+](=O)[O-])c(-c2[nH]c([N+](=O)[O-])nc2[N+](=O)[O-])c([N+](=O)[O-])c1,7.85
O=[N+]([O-])c1cc([N+](=O)[O-])c(-c2[nH]cnc2[N+](=O)[O-])c([N+](=O)[O-])c1,7.336
O=[N+]([O-])c1cc([N+](=O)[O-])c(-c2c([N+](=O)[O-])c(-c3c([N+](=O)[O-])cc([N+](=O)[O-])cc3[N+](=O)[O-])c([N+](=O)[O-])c(-c3c([N+](=O)[O-])cc([N+](=O)[O-])cc3[N+](=O)[O-])c2[N+](=O)[O-])c([N+](=O)[O-])c1,7.623
O=[N+]([O-])c1cc([N+](=O)[O-])c(-c2c([N+](=O)[O-])cc([N+](=O)[O-])c(/N=N/c3c([N+](=O)[O-])cc([N+](=O)[O-])c(-c4c([N+](=O)[O-])cc([N+](=O)[O-])cc4[N+](=O)[O-])c3[N+](=O)[O-])c2[N+](=O)[O-])c([N+](=O)[O-])c1,7.692
O=[N+]([O-])c1cc([N+](=O)[O-])c(-c2c([N+](=O)[O-])cc([N+](=O)[O-])c(-c3c([N+](=O)[O-])cc([N+](=O)[O-])c(-c4c([N+](=O)[O-])cc([N+](=O)[O-])cc4[N+](=O)[O-])c3[N+](=O)[O-])c2[N+](=O)[O-])c([N+](=O)[O-])c1,7.618
O=[N+]([O-])c1cc([N+](=O)[O-])c(-c2c([N+](=O)[O-])cc([N+](=O)[O-])c(-c3c([N+](=O)[O-])cc([N+](=O)[O-])cc3[N+](=O)[O-])c2[N+](=O)[O-])c([N+](=O)[O-])c1,7.58
O=[N+]([O-])c1cc([N+](=O)[O-])c(-c2c([N+](=O)[O-])cc([N+](=O)[O-])c(O)c2[N+](=O)[O-])c([N+](=O)[O-])c1,7.646
O=[N+]([O-])c1cc([N+](=O)[O-])c(-c2c([N+](=O)[O-])cc([N+](=O)[O-])c(O)c2[N+](=O)[O-])c([N+](=O)[O-])c1O,7.789
O=[N+]([O-])c1cc([N+](=O)[O-])c(-c2c([N+](=O)[O-])cc([N+](=O)[O-])cc2[N+](=O)[O-])c([N+](=O)[O-])c1,7.5
O=[N+]([O-])c1cc([N+](=O)[O-])c(-c2cc([N+](=O)[O-])c(-c3c([N+](=O)[O-])cc([N+](=O)[O-])cc3[N+](=O)[O-])c([N+](=O)[O-])c2)c([N+](=O)[O-])c1,7.274
O=[N+]([O-])c1cc([N+](=O)[O-])c(-c2cc([N+](=O)[O-])c(-c3c([N+](=O)[O-])cc([N+](=O)[O-])cc3[N+](=O)[O-])cc2[N+](=O)[O-])c([N+](=O)[O-])c1,7.268
O=[N+]([O-])c1cc([N+](=O)[O-])c(-c2cc(-c3c([N+](=O)[O-])cc([N+](=O)[O-])cc3[N+](=O)[O-])c([N+](=O)[O-])cc2[N+](=O)[O-])c([N+](=O)[O-])c1,7.267
O=[N+]([O-])c1cc([N+](=O)[O-])c(-c2cnc([N+](=O)[O-])[nH]2)c([N+](=O)[O-])c1,7.343
O=[N+]([O-])c1cc([N+](=O)[O-])c(-c2cnn(-c3c([N+](=O)[O-])cc([N+](=O)[O-])cc3[N+](=O)[O-])c2)c([N+](=O)[O-])c1,7.151
O=[N+]([O-])c1cc([N+](=O)[O-])c(-c2nc(-c3c([N+](=O)[O-])cc([N+](=O)[O-])cc3[N+](=O)[O-])nc(-c3c([N+](=O)[O-])cc([N+](=O)[O-])cc3[N+](=O)[O-])n2)c([N+](=O)[O-])c1,7.316
O=[N+]([O-])c1cc([N+](=O)[O-])c(-c2ncc([N+](=O)[O-])c(-c3c([N+](=O)[O-])cc([N+](=O)[O-])cc3[N+](=O)[O-])n2)c([N+](=O)[O-])c1,7.322
O=[N+]([O-])c1cc([N+](=O)[O-])c(-c2ncnc(-c3c([N+](=O)[O-])cc([N+](=O)[O-])cc3[N+](=O)[O-])c2[N+](=O)[O-])c([N+](=O)[O-])c1,7.334
O=[N+]([O-])c1cc([N+](=O)[O-])c(-c2nnc(-c3c([N+](=O)[O-])cc([N+](=O)[O-])cc3[N+](=O)[O-])o2)c([N+](=O)[O-])c1,7.425
O=[N+]([O-])c1cc([N+](=O)[O-])c(CC([N+](=O)[O-])([N+](=O)[O-])[N+](=O)[O-])c([N+](=O)[O-])c1,8.242
O=[N+]([O-])c1cc([N+](=O)[O-])c(Cc2c([N+](=O)[O-])cc([N+](=O)[O-])cc2[N+](=O)[O-])c([N+](=O)[O-])c1,7.265
O=[N+]([O-])c1cc([N+](=O)[O-])c(CCC([N+](=O)[O-])([N+](=O)[O-])[N+](=O)[O-])c([N+](=O)[O-])c1,7.904
O=[N+]([O-])c1cc([N+](=O)[O-])c(CCc2c([N+](=O)[O-])cc([N+](=O)[O-])cc2[N+](=O)[O-])c([N+](=O)[O-])c1,7.035
O=[N+]([O-])c1cc([N+](=O)[O-])c(CCl)c([N+](=O)[O-])c1,6.975
O=[N+]([O-])c1cc([N+](=O)[O-])c(CCO)c([N+](=O)[O-])c1,6.774
O=[N+]([O-])c1cc([N+](=O)[O-])c(Cl)c([N+](=O)[O-])c1,7.404
O=[N+]([O-])c1cc([N+](=O)[O-])c(CO)c([N+](=O)[O-])c1,7.164
O=[N+]([O-])c1cc([N+](=O)[O-])c(-n2cc([N+](=O)[O-])cn2)c([N+](=O)[O-])c1,7.379
O=[N+]([O-])c1cc([N+](=O)[O-])c(-n2ccnc2)c([N+](=O)[O-])c1,6.735
O=[N+]([O-])c1cc([N+](=O)[O-])c(-n2ccnn2)c([N+](=O)[O-])c1,7.196
O=[N+]([O-])c1cc([N+](=O)[O-])c(-n2cnc([N+](=O)[O-])n2)c([N+](=O)[O-])c1,7.712
O=[N+]([O-])c1cc([N+](=O)[O-])c(-n2cnc3c([N+](=O)[O-])cc([N+](=O)[O-])cc32)c([N+](=O)[O-])c1,7.069
O=[N+]([O-])c1cc([N+](=O)[O-])c(-n2nc(-c3nc([N+](=O)[O-])n(-c4c([N+](=O)[O-])cc([N+](=O)[O-])cc4[N+](=O)[O-])n3)nc2[N+](=O)[O-])c([N+](=O)[O-])c1,7.831
O=[N+]([O-])c1cc([N+](=O)[O-])c(-n2nccn2)c([N+](=O)[O-])c1,7.166
O=[N+]([O-])c1cc([N+](=O)[O-])c(-n2nnc3c([N+](=O)[O-])cc([N+](=O)[O-])cc32)c([N+](=O)[O-])c1,7.415
O=[N+]([O-])c1cc([N+](=O)[O-])c(-n2nnc3cc([N+](=O)[O-])c([N+](=O)[O-])cc32)c([N+](=O)[O-])c1,7.428
O=[N+]([O-])c1cc([N+](=O)[O-])c(-n2nnc3cc([N+](=O)[O-])cc([N+](=O)[O-])c32)c([N+](=O)[O-])c1,7.396
O=[N+]([O-])c1cc([N+](=O)[O-])c(-n2nnc3cc4c(cc32)nnn4-c2c([N+](=O)[O-])cc([N+](=O)[O-])cc2[N+](=O)[O-])c([N+](=O)[O-])c1,7.139
O=[N+]([O-])c1cc([N+](=O)[O-])c(-n2nnc3ccccc32)c([N+](=O)[O-])c1,6.372
O=[N+]([O-])c1cc([N+](=O)[O-])c(Nc2c([N+](=O)[O-])cc([N+](=O)[O-])cc2[N+](=O)[O-])c([N+](=O)[O-])c1,7.506
O=[N+]([O-])c1cc([N+](=O)[O-])c(Nc2c[nH]nn2)c([N+](=O)[O-])c1,7.203
O=[N+]([O-])c1cc([N+](=O)[O-])c(Nc2cc(Nc3c([N+](=O)[O-])cc([N+](=O)[O-])cc3[N+](=O)[O-])c([N+](=O)[O-])nc2[N+](=O)[O-])c([N+](=O)[O-])c1,7.461
O=[N+]([O-])c1cc([N+](=O)[O-])c(Nc2cccc(Nc3c([N+](=O)[O-])cc([N+](=O)[O-])cc3[N+](=O)[O-])n2)c([N+](=O)[O-])c1,6.771
O=[N+]([O-])c1cc([N+](=O)[O-])c(Nc2cn(-c3c([N+](=O)[O-])cc([N+](=O)[O-])cc3[N+](=O)[O-])nn2)c([N+](=O)[O-])c1,7.4
O=[N+]([O-])c1cc([N+](=O)[O-])c(Nc2n[nH]c(Nc3c([N+](=O)[O-])cc([N+](=O)[O-])cc3[N+](=O)[O-])n2)c([N+](=O)[O-])c1,7.351
O=[N+]([O-])c1cc([N+](=O)[O-])c(NC2N=CC=CN2c2c([N+](=O)[O-])cc([N+](=O)[O-])cc2[N+](=O)[O-])c([N+](=O)[O-])c1,6.998
O=[N+]([O-])c1cc([N+](=O)[O-])c(Nc2nc(Nc3c([N+](=O)[O-])cc([N+](=O)[O-])cc3[N+](=O)[O-])c([N+](=O)[O-])cc2[N+](=O)[O-])c([N+](=O)[O-])c1,7.438
O=[N+]([O-])c1cc([N+](=O)[O-])c(Nc2nc(Nc3cc([N+](=O)[O-])cc([N+](=O)[O-])c3[N+](=O)[O-])c([N+](=O)[O-])c(Nc3c([N+](=O)[O-])cc([N+](=O)[O-])cc3[N+](=O)[O-])n2)c([N+](=O)[O-])c1,7.393
O=[N+]([O-])c1cc([N+](=O)[O-])c(Nc2nn(-c3c([N+](=O)[O-])cc([N+](=O)[O-])cc3[N+](=O)[O-])cc2[N+](=O)[O-])c([N+](=O)[O-])c1,7.49
O=[N+]([O-])c1cc([N+](=O)[O-])c(Nc2nnc(Nc3c([N+](=O)[O-])cc([N+](=O)[O-])cc3[N+](=O)[O-])nn2)c([N+](=O)[O-])c1,7.507
O=[N+]([O-])c1cc([N+](=O)[O-])c(Nc2nnn[nH]2)c([N+](=O)[O-])c1,7.617
O=[N+]([O-])c1cc([N+](=O)[O-])c(Nc2noc(Nc3c([N+](=O)[O-])cc([N+](=O)[O-])cc3[N+](=O)[O-])n2)c([N+](=O)[O-])c1,7.421
O=[N+]([O-])c1cc([N+](=O)[O-])c(Nc2nonc2[N+](=O)[O-])c([N+](=O)[O-])c1,7.968
O=[N+]([O-])c1cc([N+](=O)[O-])c(Nc2nonc2Nc2c([N+](=O)[O-])cc([N+](=O)[O-])cc2[N+](=O)[O-])c([N+](=O)[O-])c1,7.52
O=[N+]([O-])c1cc([N+](=O)[O-])c(Nn2cnnc2)c([N+](=O)[O-])c1,7.256
O=[N+]([O-])c1cc([N+](=O)[O-])c(O)c([N+](=O)[O-])c1,7.532
O=[N+]([O-])c1cc([N+](=O)[O-])c(O)c([N+](=O)[O-])c1O,7.8
O=[N+]([O-])c1cc([N+](=O)[O-])c2no[n+]([O-])c2c1,7.929
O=[N+]([O-])c1cc([N+](=O)[O-])cc([N+](=O)[O-])c1,7.274
O=[N+]([O-])c1cc([N+](=O)[O-])on1,8.528
O=[N+]([O-])c1cc(-n2cc([N+](=O)[O-])nn2)cc([N+](=O)[O-])c1,7.131
O=[N+]([O-])c1ccc([N+](=O)[O-])c2c([N+](=O)[O-])ccc([N+](=O)[O-])c12,7.053
O=[N+]([O-])c1ccc(CC([N+](=O)[O-])([N+](=O)[O-])[N+](=O)[O-])c([N+](=O)[O-])c1,7.777
O=[N+]([O-])c1ccc(CCC([N+](=O)[O-])([N+](=O)[O-])[N+](=O)[O-])c([N+](=O)[O-])c1,7.44
O=[N+]([O-])c1ccc(Cn2c([N+](=O)[O-])nnc2[N+](=O)[O-])c([N+](=O)[O-])c1,7.4
O=[N+]([O-])c1ccc(O)c([N+](=O)[O-])c1O,6.964
O=[N+]([O-])c1cccc(C([N+](=O)[O-])[N+](=O)[O-])c1,6.831
O=[N+]([O-])c1cn([N+](=O)[O-])cn1,8.098
O=[N+]([O-])c1cn(-c2ccc([N+](=O)[O-])c([N+](=O)[O-])c2)nn1,7.175
O=[N+]([O-])c1cnc(/N=N/c2ncc([N+](=O)[O-])cc2[N+](=O)[O-])c([N+](=O)[O-])c1,7.317
O=[N+]([O-])c1cnn[nH]1,7.976
O=[N+]([O-])c1n[nH]c(-c2nc([N+](=O)[O-])n[nH]2)n1,8.115
O=[N+]([O-])c1nc([N+](=O)[O-])c([N+](=O)[O-])[nH]1,8.961
O=[N+]([O-])c1nc(-c2nc([N+](=O)[O-])c([N+](=O)[O-])[nH]2)[nH]c1[N+](=O)[O-],8.416
O=[N+]([O-])c1nonc1-c1no[n+]([O-])c1-c1nonc1[N+](=O)[O-],8.915
O=[N+]([O-])c1nonc1-c1nonc1[N+](=O)[O-],8.924
O=[N+]([O-])CCn1c([N+](=O)[O-])nnc1[N+](=O)[O-],8.21
O=[N+]([O-])N(CC([N+](=O)[O-])([N+](=O)[O-])[N+](=O)[O-])CC([N+](=O)[O-])([N+](=O)[O-])[N+](=O)[O-],8.525
O=[N+]([O-])N(CC(CCN(CC([N+](=O)[O-])([N+](=O)[O-])[N+](=O)[O-])[N+](=O)[O-])([N+](=O)[O-])[N+](=O)[O-])CC(CCN(CC([N+](=O)[O-])([N+](=O)[O-])[N+](=O)[O-])[N+](=O)[O-])([N+](=O)[O-])[N+](=O)[O-],8.609
O=[N+]([O-])N(CCC([N+](=O)[O-])([N+](=O)[O-])[N+](=O)[O-])CC([N+](=O)[O-])([N+](=O)[O-])[N+](=O)[O-],8.829
O=[N+]([O-])N(CCC([N+](=O)[O-])([N+](=O)[O-])[N+](=O)[O-])CC(CN(CCC([N+](=O)[O-])([N+](=O)[O-])[N+](=O)[O-])[N+](=O)[O-])([N+](=O)[O-])[N+](=O)[O-],8.627
O=[N+]([O-])N(CCC(CCN(CC([N+](=O)[O-])([N+](=O)[O-])[N+](=O)[O-])[N+](=O)[O-])([N+](=O)[O-])[N+](=O)[O-])CC([N+](=O)[O-])([N+](=O)[O-])[N+](=O)[O-],8.645
O=[N+]([O-])N(CCN(CC([N+](=O)[O-])([N+](=O)[O-])[N+](=O)[O-])[N+](=O)[O-])CCN(CC([N+](=O)[O-])([N+](=O)[O-])[N+](=O)[O-])[N+](=O)[O-],8.638
O=[N+]([O-])N(CCN(CCN(CC([N+](=O)[O-])([N+](=O)[O-])[N+](=O)[O-])[N+](=O)[O-])[N+](=O)[O-])CCN(CC([N+](=O)[O-])([N+](=O)[O-])[N+](=O)[O-])[N+](=O)[O-],8.416
O=[N+]([O-])N(CN(CC([N+](=O)[O-])([N+](=O)[O-])[N+](=O)[O-])[N+](=O)[O-])CC([N+](=O)[O-])([N+](=O)[O-])[N+](=O)[O-],8.702
O=[N+]([O-])N=C1NCN([N+](=O)[O-])CN1,7.987
O=[N+]([O-])N1C(C([N+](=O)[O-])([N+](=O)[O-])[N+](=O)[O-])CCC1C([N+](=O)[O-])([N+](=O)[O-])[N+](=O)[O-],8.956
O=[N+]([O-])N1C2C3N([N+](=O)[O-])C1C1N([N+](=O)[O-])C(C(N1[N+](=O)[O-])N3[N+](=O)[O-])N2[N+](=O)[O-],9.434
O=[N+]([O-])N1CC([N+](=O)[O-])([N+](=O)[O-])CC([N+](=O)[O-])([N+](=O)[O-])C1,8.623
O=[N+]([O-])N1CC(N(F)F)(N(F)F)CN([N+](=O)[O-])CC(N(F)F)(N(F)F)C1,9.291
O=[N+]([O-])N1CCN([N+](=O)[O-])C2C1N([N+](=O)[O-])CCN2[N+](=O)[O-],8.114
O=[N+]([O-])N1CN([N+](=O)[O-])C2C1C1C2N([N+](=O)[O-])CN1[N+](=O)[O-],8.419
O=[N+]([O-])N1CN([N+](=O)[O-])CN([N+](=O)[O-])C1,8.63
O=[N+]([O-])N1CN([N+](=O)[O-])CN([N+](=O)[O-])CN([N+](=O)[O-])C1,8.641
O=[N+]([O-])NC(CCN(CC([N+](=O)[O-])([N+](=O)[O-])[N+](=O)[O-])[N+](=O)[O-])(CCN(CC([N+](=O)[O-])([N+](=O)[O-])[N+](=O)[O-])[N+](=O)[O-])N[N+](=O)[O-],8.647
O=[N+]([O-])NCCC(CCN[N+](=O)[O-])([N+](=O)[O-])[N+](=O)[O-],7.761
O=[N+]([O-])NCCN(CCN(CCN[N+](=O)[O-])[N+](=O)[O-])[N+](=O)[O-],7.473
O=[N+]([O-])NCCN(CCN[N+](=O)[O-])[N+](=O)[O-],7.624
O=[N+]([O-])NCCN[N+](=O)[O-],7.997
O=[N+]([O-])NCN[N+](=O)[O-],8.925
O=[N+]([O-])OCC(CO[N+](=O)[O-])(CO[N+](=O)[O-])CO[N+](=O)[O-],8.401
O=[N+]([O-])OCC(CO[N+](=O)[O-])O[N+](=O)[O-],8.507
O=[N+]([O-])OCC(O[N+](=O)[O-])C(CO[N+](=O)[O-])O[N+](=O)[O-],8.49
O=[N+]([O-])OCC1OC2OC3C(CO[N+](=O)[O-])OC(OC1C(O[N+](=O)[O-])C2O[N+](=O)[O-])C(O[N+](=O)[O-])C3O[N+](=O)[O-],8.425
O=[N+]([O-])OCCC(CCN(CCC(CCO[N+](=O)[O-])([N+](=O)[O-])[N+](=O)[O-])[N+](=O)[O-])([N+](=O)[O-])[N+](=O)[O-],7.775
O=[N+]([O-])OCCCN(CC([N+](=O)[O-])([N+](=O)[O-])[N+](=O)[O-])[N+](=O)[O-],8.438
O=[N+]([O-])OCCN(c1c([N+](=O)[O-])cc([N+](=O)[O-])c(/C=C/c2c([N+](=O)[O-])cc([N+](=O)[O-])cc2[N+](=O)[O-])c1[N+](=O)[O-])[N+](=O)[O-],7.567
O=[N+]([O-])OCCN(CC([N+](=O)[O-])([N+](=O)[O-])[N+](=O)[O-])[N+](=O)[O-],8.852
O=[N+]([O-])OCCNc1c([N+](=O)[O-])c(-c2nnc(-c3c([N+](=O)[O-])c(NCCO[N+](=O)[O-])c([N+](=O)[O-])c(N(CCO[N+](=O)[O-])[N+](=O)[O-])c3[N+](=O)[O-])o2)c([N+](=O)[O-])c(N(CCO[N+](=O)[O-])[N+](=O)[O-])c1[N+](=O)[O-],7.956
O=[N+]([O-])OCCNc1c([N+](=O)[O-])c(NCCO[N+](=O)[O-])c([N+](=O)[O-])c(NCCO[N+](=O)[O-])c1[N+](=O)[O-],7.554
O=[N+]([O-])OCCNc1c([N+](=O)[O-])cc([N+](=O)[O-])c(-c2nnc(-c3c([N+](=O)[O-])cc([N+](=O)[O-])c(NCCO[N+](=O)[O-])c3[N+](=O)[O-])o2)c1[N+](=O)[O-],7.534
O=[N+]([O-])OCCNc1c([N+](=O)[O-])cc([N+](=O)[O-])c(N(CCO[N+](=O)[O-])[N+](=O)[O-])c1[N+](=O)[O-],7.916
O=[N+]([O-])OCN(CN(CN(CN(CO[N+](=O)[O-])[N+](=O)[O-])[N+](=O)[O-])[N+](=O)[O-])[N+](=O)[O-],8.736
O=[N+]([O-])OCn1nnc([N+](=O)[O-])n1,9.021
O=C(/C=C/C(=O)OCC([N+](=O)[O-])([N+](=O)[O-])[N+](=O)[O-])OCC([N+](=O)[O-])([N+](=O)[O-])[N+](=O)[O-],8.133
O=C(C(=O)N(CCC([N+](=O)[O-])([N+](=O)[O-])[N+](=O)[O-])[N+](=O)[O-])N(CCC([N+](=O)[O-])([N+](=O)[O-])[N+](=O)[O-])[N+](=O)[O-],8.59
O=C(c1ccc([N+](=O)[O-])cc1[N+](=O)[O-])c1c([N+](=O)[O-])cc([N+](=O)[O-])cc1[N+](=O)[O-],6.968
O=C(CCC([N+](=O)[O-])([N+](=O)[O-])[N+](=O)[O-])CCC([N+](=O)[O-])([N+](=O)[O-])[N+](=O)[O-],8.167
O=C(CCC([N+](=O)[O-])([N+](=O)[O-])[N+](=O)[O-])N(CN(C(=O)CCC([N+](=O)[O-])([N+](=O)[O-])[N+](=O)[O-])[N+](=O)[O-])[N+](=O)[O-],8.34
O=C(CCC([N+](=O)[O-])([N+](=O)[O-])[N+](=O)[O-])NCC([N+](=O)[O-])([N+](=O)[O-])[N+](=O)[O-],8.43
O=C(CCC([N+](=O)[O-])([N+](=O)[O-])[N+](=O)[O-])NCNC(=O)CCC([N+](=O)[O-])([N+](=O)[O-])[N+](=O)[O-],7.635
O=C(CCC([N+](=O)[O-])([N+](=O)[O-])[N+](=O)[O-])OC(=O)CCC([N+](=O)[O-])([N+](=O)[O-])[N+](=O)[O-],7.989
O=C(CCC([N+](=O)[O-])([N+](=O)[O-])[N+](=O)[O-])OCC([N+](=O)[O-])([N+](=O)[O-])[N+](=O)[O-],8.484
O=C(CCC([N+](=O)[O-])([N+](=O)[O-])[N+](=O)[O-])OCC(COC(=O)CCC([N+](=O)[O-])([N+](=O)[O-])[N+](=O)[O-])([N+](=O)[O-])[N+](=O)[O-],7.895
O=C(CCC([N+](=O)[O-])([N+](=O)[O-])[N+](=O)[O-])OCCOC(=O)CCC([N+](=O)[O-])([N+](=O)[O-])[N+](=O)[O-],7.519
O=C(CCC(=O)OCC([N+](=O)[O-])([N+](=O)[O-])[N+](=O)[O-])OCC([N+](=O)[O-])([N+](=O)[O-])[N+](=O)[O-],8.064
O=C(CCC(CC(CC(CCC(=O)OCC([N+](=O)[O-])([N+](=O)[O-])[N+](=O)[O-])([N+](=O)[O-])[N+](=O)[O-])([N+](=O)[O-])[N+](=O)[O-])([N+](=O)[O-])[N+](=O)[O-])OCC([N+](=O)[O-])([N+](=O)[O-])[N+](=O)[O-],8.124
O=C(CCC(CCC(=O)OCC([N+](=O)[O-])([N+](=O)[O-])[N+](=O)[O-])([N+](=O)[O-])[N+](=O)[O-])OCC([N+](=O)[O-])([N+](=O)[O-])[N+](=O)[O-],7.912
O=C(CCN(CCC(=O)OCC([N+](=O)[O-])([N+](=O)[O-])[N+](=O)[O-])[N+](=O)[O-])OCC([N+](=O)[O-])([N+](=O)[O-])[N+](=O)[O-],7.842
O=C(CN(CC([N+](=O)[O-])([N+](=O)[O-])[N+](=O)[O-])[N+](=O)[O-])N(CN(C(=O)CN(CC([N+](=O)[O-])([N+](=O)[O-])[N+](=O)[O-])[N+](=O)[O-])[N+](=O)[O-])[N+](=O)[O-],8.773
O=C(CN(CC([N+](=O)[O-])([N+](=O)[O-])[N+](=O)[O-])[N+](=O)[O-])N1CN(C(=O)CN(CC([N+](=O)[O-])([N+](=O)[O-])[N+](=O)[O-])[N+](=O)[O-])CN(C(=O)CN(CC([N+](=O)[O-])([N+](=O)[O-])[N+](=O)[O-])[N+](=O)[O-])C1,8.249
O=C(CN(CC(=O)OCC([N+](=O)[O-])([N+](=O)[O-])[N+](=O)[O-])[N+](=O)[O-])OCC([N+](=O)[O-])([N+](=O)[O-])[N+](=O)[O-],8.329
O=C(CN(CCN(CC(=O)OCC([N+](=O)[O-])([N+](=O)[O-])[N+](=O)[O-])[N+](=O)[O-])[N+](=O)[O-])OCC([N+](=O)[O-])([N+](=O)[O-])[N+](=O)[O-],8.115
O=C(NCC([N+](=O)[O-])([N+](=O)[O-])[N+](=O)[O-])C(=O)NCC([N+](=O)[O-])([N+](=O)[O-])[N+](=O)[O-],8.527
O=C(NCC([N+](=O)[O-])([N+](=O)[O-])[N+](=O)[O-])NC(=O)NCC([N+](=O)[O-])([N+](=O)[O-])[N+](=O)[O-],8.484
O=C(NCC([N+](=O)[O-])([N+](=O)[O-])[N+](=O)[O-])NCC([N+](=O)[O-])([N+](=O)[O-])[N+](=O)[O-],8.736
O=C(NCCC([N+](=O)[O-])([N+](=O)[O-])[N+](=O)[O-])C(=O)NCCC([N+](=O)[O-])([N+](=O)[O-])[N+](=O)[O-],7.91
O=C(NCCC([N+](=O)[O-])([N+](=O)[O-])[N+](=O)[O-])N(CCC([N+](=O)[O-])([N+](=O)[O-])[N+](=O)[O-])[N+](=O)[O-],8.422
O=C(NCCC([N+](=O)[O-])([N+](=O)[O-])[N+](=O)[O-])NCCC([N+](=O)[O-])([N+](=O)[O-])[N+](=O)[O-],8.09
O=C(NCNC(=O)C([N+](=O)[O-])([N+](=O)[O-])[N+](=O)[O-])C([N+](=O)[O-])([N+](=O)[O-])[N+](=O)[O-],8.503
O=C(NCNC(=O)OCC([N+](=O)[O-])([N+](=O)[O-])[N+](=O)[O-])OCC([N+](=O)[O-])([N+](=O)[O-])[N+](=O)[O-],8.229
O=C(O)c1c([N+](=O)[O-])cc([N+](=O)[O-])cc1[N+](=O)[O-],7.3
O=C(OC#COC(=O)N(CCC([N+](=O)[O-])([N+](=O)[O-])[N+](=O)[O-])[N+](=O)[O-])N(CCC([N+](=O)[O-])([N+](=O)[O-])[N+](=O)[O-])[N+](=O)[O-],8.397
O=C(OC([N+](=O)[O-])([N+](=O)[O-])[N+](=O)[O-])c1c([N+](=O)[O-])cc([N+](=O)[O-])cc1[N+](=O)[O-],8.412
O=C(OCC([N+](=O)[O-])([N+](=O)[O-])[N+](=O)[O-])C(=O)OCC([N+](=O)[O-])([N+](=O)[O-])[N+](=O)[O-],8.203
O=C(OCC([N+](=O)[O-])([N+](=O)[O-])[N+](=O)[O-])C(OCC([N+](=O)[O-])([N+](=O)[O-])[N+](=O)[O-])OCC([N+](=O)[O-])([N+](=O)[O-])[N+](=O)[O-],8.427
O=C(OCC([N+](=O)[O-])([N+](=O)[O-])[N+](=O)[O-])c1c([N+](=O)[O-])cc([N+](=O)[O-])cc1[N+](=O)[O-],8.062
O=C(OCC([N+](=O)[O-])([N+](=O)[O-])[N+](=O)[O-])c1cc([N+](=O)[O-])cc([N+](=O)[O-])c1,7.612
O=C(OCC([N+](=O)[O-])([N+](=O)[O-])[N+](=O)[O-])c1cc([N+](=O)[O-])cc([N+](=O)[O-])c1O,7.75
O=C(OCC([N+](=O)[O-])([N+](=O)[O-])[N+](=O)[O-])N(CCC([N+](=O)[O-])([N+](=O)[O-])[N+](=O)[O-])[N+](=O)[O-],8.604
O=C(OCC([N+](=O)[O-])([N+](=O)[O-])[N+](=O)[O-])N(CCC(CCN(C(=O)OCC([N+](=O)[O-])([N+](=O)[O-])[N+](=O)[O-])[N+](=O)[O-])([N+](=O)[O-])[N+](=O)[O-])[N+](=O)[O-],8.372
O=C(OCC([N+](=O)[O-])([N+](=O)[O-])[N+](=O)[O-])N(CCN(CCN(C(=O)OCC([N+](=O)[O-])([N+](=O)[O-])[N+](=O)[O-])[N+](=O)[O-])[N+](=O)[O-])[N+](=O)[O-],8.355
O=C(OCC([N+](=O)[O-])([N+](=O)[O-])[N+](=O)[O-])N(CCN(CCN(CCN(C(=O)OCC([N+](=O)[O-])([N+](=O)[O-])[N+](=O)[O-])[N+](=O)[O-])[N+](=O)[O-])[N+](=O)[O-])[N+](=O)[O-],8.219
O=C(OCC([N+](=O)[O-])([N+](=O)[O-])[N+](=O)[O-])N(CCN(CN(C(=O)OCC([N+](=O)[O-])([N+](=O)[O-])[N+](=O)[O-])[N+](=O)[O-])[N+](=O)[O-])[N+](=O)[O-],8.571
O=C(OCC([N+](=O)[O-])([N+](=O)[O-])[N+](=O)[O-])N(CN(C(=O)OCC([N+](=O)[O-])([N+](=O)[O-])[N+](=O)[O-])[N+](=O)[O-])[N+](=O)[O-],8.334
O=C(OCC([N+](=O)[O-])([N+](=O)[O-])[N+](=O)[O-])N(CN(CN(C(=O)OCC([N+](=O)[O-])([N+](=O)[O-])[N+](=O)[O-])[N+](=O)[O-])[N+](=O)[O-])[N+](=O)[O-],8.513
O=C(OCC([N+](=O)[O-])([N+](=O)[O-])[N+](=O)[O-])OCC([N+](=O)[O-])([N+](=O)[O-])[N+](=O)[O-],8.143
O=c1[nH]nc([N+](=O)[O-])[nH]1,7.961
O=C1c2nn(-c3c([N+](=O)[O-])cc([N+](=O)[O-])cc3[N+](=O)[O-])nc2C(=O)c2nn(-c3c([N+](=O)[O-])cc([N+](=O)[O-])cc3[N+](=O)[O-])nc21,7.332
O=C1N([N+](=O)[O-])C2C(C3C2N([N+](=O)[O-])C(=O)N3[N+](=O)[O-])N1[N+](=O)[O-],8.723
O=C1NC2C(N([N+](=O)[O-])CN2[N+](=O)[O-])N1[N+](=O)[O-],8.477
O=C1NC2C(NC(=O)N2[N+](=O)[O-])N1[N+](=O)[O-],8.131
O=Cc1c([N+](=O)[O-])cc([N+](=O)[O-])cc1[N+](=O)[O-],7.183
